{
  "bert-base-uncased_predictive_masking": {
    "0.1": {
      "compression_ratio": 1.088389225091045,
      "word_accuracy": 0.750830462856632,
      "character_accuracy": 0.24792413064573768,
      "semantic_similarity": 0.9998594796657563,
      "rouge1_fmeasure": 0.9981651086932425,
      "rouge2_fmeasure": 0.9964572270426203,
      "rougeL_fmeasure": 0.9981651086932425,
      "bert_score_f1": 0.9172373968362808,
      "bits_per_character": 7.634144598024222
    },
    "0.2": {
      "compression_ratio": 1.2186352572424513,
      "word_accuracy": 0.746208700341239,
      "character_accuracy": 0.23927365522820485,
      "semantic_similarity": 0.9967992514371872,
      "rouge1_fmeasure": 0.9901405221982819,
      "rouge2_fmeasure": 0.9792598587303435,
      "rougeL_fmeasure": 0.9901405221982819,
      "bert_score_f1": 0.9154381877183915,
      "bits_per_character": 6.817557146863123
    },
    "0.3": {
      "compression_ratio": 1.375158729175715,
      "word_accuracy": 0.7338269645376738,
      "character_accuracy": 0.22804820737038786,
      "semantic_similarity": 0.9877652370929718,
      "rouge1_fmeasure": 0.9738901259847108,
      "rouge2_fmeasure": 0.9429610250801607,
      "rougeL_fmeasure": 0.9727109272243026,
      "bert_score_f1": 0.9119542443752289,
      "bits_per_character": 6.042686398752899
    },
    "0.4": {
      "compression_ratio": 1.5881751040009626,
      "word_accuracy": 0.7107988717015445,
      "character_accuracy": 0.18957960373931218,
      "semantic_similarity": 0.9710400527715684,
      "rouge1_fmeasure": 0.9348869238220532,
      "rouge2_fmeasure": 0.8684929697493715,
      "rougeL_fmeasure": 0.9307212021564046,
      "bert_score_f1": 0.9051883804798126,
      "bits_per_character": 5.23034172396107
    },
    "0.5": {
      "compression_ratio": 1.8791392175938817,
      "word_accuracy": 0.6635105567950275,
      "character_accuracy": 0.16012771367243286,
      "semantic_similarity": 0.9280810451507568,
      "rouge1_fmeasure": 0.859301015571331,
      "rouge2_fmeasure": 0.7285472303536982,
      "rougeL_fmeasure": 0.8451135330872473,
      "bert_score_f1": 0.8965681958198547,
      "bits_per_character": 4.424019425541934
    },
    "0.6": {
      "compression_ratio": 2.2866862781790083,
      "word_accuracy": 0.5927380291449226,
      "character_accuracy": 0.14289355877886603,
      "semantic_similarity": 0.84035331428051,
      "rouge1_fmeasure": 0.7445479747599295,
      "rouge2_fmeasure": 0.5424733515139366,
      "rougeL_fmeasure": 0.7152780885313228,
      "bert_score_f1": 0.8826607209444046,
      "bits_per_character": 3.638220942200295
    },
    "0.7": {
      "compression_ratio": 2.9159889400591323,
      "word_accuracy": 0.5052999820907398,
      "character_accuracy": 0.12178465761439199,
      "semantic_similarity": 0.7553687554597854,
      "rouge1_fmeasure": 0.6275904241527125,
      "rouge2_fmeasure": 0.39015531613554344,
      "rougeL_fmeasure": 0.5844288834155347,
      "bert_score_f1": 0.8685050255060196,
      "bits_per_character": 2.856583720476037
    },
    "0.8": {
      "compression_ratio": 4.074059257427333,
      "word_accuracy": 0.3976335206692109,
      "character_accuracy": 0.10072497461997006,
      "semantic_similarity": 0.6107425993680954,
      "rouge1_fmeasure": 0.4894807253248176,
      "rouge2_fmeasure": 0.2217504983234069,
      "rougeL_fmeasure": 0.4344502435611372,
      "bert_score_f1": 0.8483124572038651,
      "bits_per_character": 2.0510055192982417
    },
    "0.9": {
      "compression_ratio": 6.712053988147028,
      "word_accuracy": 0.280949284230804,
      "character_accuracy": 0.08958187720274126,
      "semantic_similarity": 0.4094188799802214,
      "rouge1_fmeasure": 0.3455572939029524,
      "rouge2_fmeasure": 0.09804366947011652,
      "rougeL_fmeasure": 0.2872837327814972,
      "bert_score_f1": 0.8261694860458374,
      "bits_per_character": 1.2626255212047135
    }
  },
  "bert-base-uncased_lsq": {
    "16": {
      "compression_ratio": 0.0026130143258636333,
      "word_accuracy": 0.5668651645523728,
      "character_accuracy": 0.13637682729885944,
      "semantic_similarity": 0.7288052651286125,
      "rouge1_fmeasure": 0.7615107696657692,
      "rouge2_fmeasure": 0.5906206239007207,
      "rougeL_fmeasure": 0.7603128227038904,
      "bert_score_f1": 0.8833712983131409,
      "bits_per_character": 3180.7536010043254,
      "quantization_bits": 16
    },
    "8": {
      "compression_ratio": 0.005225493425996236,
      "word_accuracy": 0.5672574722446805,
      "character_accuracy": 0.13801839176527683,
      "semantic_similarity": 0.7275534325838089,
      "rouge1_fmeasure": 0.7620784841496906,
      "rouge2_fmeasure": 0.5914181769874667,
      "rougeL_fmeasure": 0.7608805371878118,
      "bert_score_f1": 0.883591433763504,
      "bits_per_character": 1590.536980815702,
      "quantization_bits": 8
    },
    "4": {
      "compression_ratio": 0.010448846793872242,
      "word_accuracy": 0.5493688921888848,
      "character_accuracy": 0.1346082278273915,
      "semantic_similarity": 0.7207672309875488,
      "rouge1_fmeasure": 0.7436443289699435,
      "rouge2_fmeasure": 0.5607487947604993,
      "rougeL_fmeasure": 0.7415322479043028,
      "bert_score_f1": 0.8778636217117309,
      "bits_per_character": 795.428670721391,
      "quantization_bits": 4
    }
  },
  "bert-base-uncased_vq": {
    "128": {
      "compression_ratio": 4.587429904118202,
      "word_accuracy": 0.2233805514661299,
      "character_accuracy": 0.08390535876250288,
      "semantic_similarity": 0.33066225051879883,
      "rouge1_fmeasure": 0.3386019933139534,
      "rouge2_fmeasure": 0.11704094155970242,
      "rougeL_fmeasure": 0.3352699665506835,
      "bert_score_f1": 0.7925783163309097,
      "bits_per_character": 1.8117702378451106,
      "codebook_size": 128
    },
    "256": {
      "compression_ratio": 4.0140011661034265,
      "word_accuracy": 0.24883162460499006,
      "character_accuracy": 0.07620913097428775,
      "semantic_similarity": 0.3743052012100816,
      "rouge1_fmeasure": 0.38022248026853356,
      "rouge2_fmeasure": 0.14524592141962545,
      "rougeL_fmeasure": 0.37395120109192553,
      "bert_score_f1": 0.8030581480264664,
      "bits_per_character": 2.070594557537269,
      "codebook_size": 256
    }
  },
  "roberta-base_predictive_masking": {
    "0.1": {
      "compression_ratio": 1.1777868195410053,
      "word_accuracy": 0.9204618319304662,
      "character_accuracy": 0.35231338565408327,
      "semantic_similarity": 0.9021434566378593,
      "rouge1_fmeasure": 0.9383296073615744,
      "rouge2_fmeasure": 0.8613555250577203,
      "rougeL_fmeasure": 0.9383296073615744,
      "bert_score_f1": 0.971365025639534,
      "bits_per_character": 6.91712412141241
    },
    "0.2": {
      "compression_ratio": 1.3066779621126665,
      "word_accuracy": 0.9052141022457053,
      "character_accuracy": 0.32106738348715025,
      "semantic_similarity": 0.8942289581894874,
      "rouge1_fmeasure": 0.91807314098193,
      "rouge2_fmeasure": 0.8294471576779633,
      "rougeL_fmeasure": 0.9178509187597078,
      "bert_score_f1": 0.9665296816825867,
      "bits_per_character": 6.241707357285784
    },
    "0.3": {
      "compression_ratio": 1.4616730726440705,
      "word_accuracy": 0.8762649369640327,
      "character_accuracy": 0.30065996599461176,
      "semantic_similarity": 0.8779156348109245,
      "rouge1_fmeasure": 0.8919754443207772,
      "rouge2_fmeasure": 0.7776450063844874,
      "rougeL_fmeasure": 0.8876500710790874,
      "bert_score_f1": 0.9602920299768448,
      "bits_per_character": 5.588840652089592
    },
    "0.4": {
      "compression_ratio": 1.66688606312214,
      "word_accuracy": 0.8211631033996402,
      "character_accuracy": 0.21564052799814834,
      "semantic_similarity": 0.8478200849890709,
      "rouge1_fmeasure": 0.8367063662158101,
      "rouge2_fmeasure": 0.6921423511271628,
      "rougeL_fmeasure": 0.831036441945721,