{
  "bert-base-uncased_predictive_masking": {
    "0.1": {
      "compression_ratio": 1.0,
      "word_accuracy": 0.143261176945338,
      "character_accuracy": 0.15683028134387192,
      "semantic_similarity": 0.9678277063369751,
      "rouge1_fmeasure": 0.9414671408712667,
      "rouge2_fmeasure": 0.8892887850320319,
      "rougeL_fmeasure": 0.9410177026690195,
      "bert_score_f1": 0.9416181033849716,
      "bits_per_character": 8.0
    },
    "0.2": {
      "compression_ratio": 1.0,
      "word_accuracy": 0.14803824189712766,
      "character_accuracy": 0.10903086286959875,
      "semantic_similarity": 0.9291201990842819,
      "rouge1_fmeasure": 0.8925556730915296,
      "rouge2_fmeasure": 0.7996082317714215,
      "rougeL_fmeasure": 0.8908623396172466,
      "bert_score_f1": 0.9328018856048584,
      "bits_per_character": 8.0
    },
    "0.3": {
      "compression_ratio": 1.0,
      "word_accuracy": 0.12765178662667595,
      "character_accuracy": 0.10638876648978554,
      "semantic_similarity": 0.8718663319945336,
      "rouge1_fmeasure": 0.8170169881249479,
      "rouge2_fmeasure": 0.6686201150214908,
      "rougeL_fmeasure": 0.8140027656886636,
      "bert_score_f1": 0.9195461678504944,
      "bits_per_character": 8.0
    },
    "0.4": {
      "compression_ratio": 1.0,
      "word_accuracy": 0.11100419342227133,
      "character_accuracy": 0.08957072417635394,
      "semantic_similarity": 0.8230612355470658,
      "rouge1_fmeasure": 0.7285602750820592,
      "rouge2_fmeasure": 0.5239073875692313,
      "rougeL_fmeasure": 0.7192449041427635,
      "bert_score_f1": 0.9015822619199753,
      "bits_per_character": 8.0
    },
    "0.5": {
      "compression_ratio": 1.0,
      "word_accuracy": 0.09338554225568504,
      "character_accuracy": 0.08478920664857263,
      "semantic_similarity": 0.73966343998909,
      "rouge1_fmeasure": 0.6405959260239107,
      "rouge2_fmeasure": 0.4039941582503373,
      "rougeL_fmeasure": 0.6210719112760351,
      "bert_score_f1": 0.8819338583946228,
      "bits_per_character": 8.0
    },
    "0.6": {
      "compression_ratio": 1.0,
      "word_accuracy": 0.07310059839624954,
      "character_accuracy": 0.09403793822866176,
      "semantic_similarity": 0.6739558181166649,
      "rouge1_fmeasure": 0.5546810782335727,
      "rouge2_fmeasure": 0.27981169313142173,
      "rougeL_fmeasure": 0.522149433365558,
      "bert_score_f1": 0.8627142095565796,
      "bits_per_character": 8.0
    },
    "0.7": {
      "compression_ratio": 1.0,
      "word_accuracy": 0.04195542075052928,
      "character_accuracy": 0.06803327609712165,
      "semantic_similarity": 0.5813199698925018,
      "rouge1_fmeasure": 0.4591045826879459,
      "rouge2_fmeasure": 0.17552623534553086,
      "rougeL_fmeasure": 0.406177714278397,
      "bert_score_f1": 0.8399873715639115,
      "bits_per_character": 8.0
    },
    "0.8": {
      "compression_ratio": 1.0,
      "word_accuracy": 0.03019623535887588,
      "character_accuracy": 0.06546166988841202,
      "semantic_similarity": 0.446626612842083,
      "rouge1_fmeasure": 0.37495759680561436,
      "rouge2_fmeasure": 0.10089083950240807,
      "rougeL_fmeasure": 0.31474236574292247,
      "bert_score_f1": 0.8153446412086487,
      "bits_per_character": 8.0
    },
    "0.9": {
      "compression_ratio": 1.0,
      "word_accuracy": 0.01909789138836771,
      "character_accuracy": 0.03808975006910718,
      "semantic_similarity": 0.28977902851998805,
      "rouge1_fmeasure": 0.2874739810510863,
      "rouge2_fmeasure": 0.04579566877594576,
      "rougeL_fmeasure": 0.23064304894123525,
      "bert_score_f1": 0.7909192502498626,
      "bits_per_character": 8.0
    }
  },
  "bert-base-uncased_lsq": {
    "16": {
      "compression_ratio": 0.002892029845582953,
      "word_accuracy": 0.15289031727737232,
      "character_accuracy": 0.13662884657067098,
      "semantic_similarity": 0.6244678029417992,
      "rouge1_fmeasure": 0.679256463973332,
      "rouge2_fmeasure": 0.4660838842927898,
      "rougeL_fmeasure": 0.6773805786443412,
      "bert_score_f1": 0.8944169473648071,
      "bits_per_character": 2833.970332896146,
      "quantization_bits": 16
    },
    "8": {
      "compression_ratio": 0.005783423993459913,
      "word_accuracy": 0.14967139334416266,
      "character_accuracy": 0.13045036541902402,
      "semantic_similarity": 0.6248142763972282,
      "rouge1_fmeasure": 0.6785468274576444,
      "rouge2_fmeasure": 0.46589156234449497,
      "rougeL_fmeasure": 0.6766743597636503,
      "bert_score_f1": 0.8940170234441758,
      "bits_per_character": 1417.1477375330928,
      "quantization_bits": 8
    },
    "4": {
      "compression_ratio": 0.011564306232080657,
      "word_accuracy": 0.1326188199899625,
      "character_accuracy": 0.12057046824958817,
      "semantic_similarity": 0.6036569581925869,
      "rouge1_fmeasure": 0.660167869353153,
      "rouge2_fmeasure": 0.44193260134323364,
      "rougeL_fmeasure": 0.6594930147959452,
      "bert_score_f1": 0.8893347227573395,
      "bits_per_character": 708.736439851566,
      "quantization_bits": 4
    }
  },
  "bert-base-uncased_vq": {
    "128": {
      "compression_ratio": 1.0,
      "word_accuracy": 0.05754198303447136,
      "character_accuracy": 0.07412891614803381,
      "semantic_similarity": 0.22837097177281976,
      "rouge1_fmeasure": 0.22985014993360178,
      "rouge2_fmeasure": 0.0456145392585524,
      "rougeL_fmeasure": 0.22383477846890376,
      "bert_score_f1": 0.7904537785053253,
      "bits_per_character": 8.0,
      "codebook_size": 128
    },
    "256": {
      "compression_ratio": 1.0,
      "word_accuracy": 0.055589701631496104,
      "character_accuracy": 0.07399122450858238,
      "semantic_similarity": 0.2907204360514879,
      "rouge1_fmeasure": 0.2651707848514407,
      "rouge2_fmeasure": 0.056003887649990786,
      "rougeL_fmeasure": 0.2583777724561316,
      "bert_score_f1": 0.8012375015020371,
      "bits_per_character": 8.0,
      "codebook_size": 256
    }
  },
  "roberta-base_predictive_masking": {
    "0.1": {
      "compression_ratio": 1.0,
      "word_accuracy": 0.8921416436812889,
      "character_accuracy": 0.3254012364308831,
      "semantic_similarity": 0.959430421590805,
      "rouge1_fmeasure": 0.9508957914178978,
      "rouge2_fmeasure": 0.9072148457858242,
      "rougeL_fmeasure": 0.9506735691956755,
      "bert_score_f1": 0.9855155378580094,
      "bits_per_character": 8.0
    },
    "0.2": {
      "compression_ratio": 1.0,
      "word_accuracy": 0.7706693321661909,
      "character_accuracy": 0.23037148507880434,
      "semantic_similarity": 0.898993923664093,
      "rouge1_fmeasure": 0.8794324780715616,
      "rouge2_fmeasure": 0.7773723458373464,
      "rougeL_fmeasure": 0.8785201687828479,
      "bert_score_f1": 0.9696604949235916,
      "bits_per_character": 8.0
    },
    "0.3": {
      "compression_ratio": 1.0,
      "word_accuracy": 0.6459424310044894,
      "character_accuracy": 0.17790375158637267,
      "semantic_similarity": 0.8333405244350434,
      "rouge1_fmeasure": 0.8121556668167232,
      "rouge2_fmeasure": 0.6665388395966673,
      "rougeL_fmeasure": 0.8099779487867228,
      "bert_score_f1": 0.9536081427335739,
      "bits_per_character": 8.0
    },
    "0.4": {
      "compression_ratio": 1.0,
      "word_accuracy": 0.4513295355509785,
      "character_accuracy": 0.16781991493257153,
      "semantic_similarity": 0.7888303235173225,
      "rouge1_fmeasure": 0.7298862390730811,
      "rouge2_fmeasure": 0.5353590696517605,
      "rougeL_fmeasure": 0.7209058840557451,
      "bert_score_f1": 0.9331475245952606,
      "bits_per_character": 8.0
    },
    "0.5": {
      "compression_ratio": 1.0,
      "word_accuracy": 0.354467385769008,
      "character_accuracy": 0.11543635701958292,
      "semantic_similarity": 0.7008273667097091,
      "rouge1_fmeasure": 0.6398798656731238,
      "rouge2_fmeasure": 0.40708885961801805,
      "rougeL_fmeasure": 0.6186431323904423,