{
  "bert-base-uncased_predictive_masking": {
    "0.1": {
      "compression_ratio": 1.088389225091045,
      "word_accuracy": 0.7243207600164119,
      "character_accuracy": 0.22846852006837007,
      "semantic_similarity": 0.9761956745386123,
      "rouge1_fmeasure": 0.965322663838385,
      "rouge2_fmeasure": 0.9330927246914307,
      "rougeL_fmeasure": 0.965322663838385,
      "bert_score_f1": 0.9127133864164353,
      "bits_per_character": 7.634144598024222
    },
    "0.2": {
      "compression_ratio": 1.2186352572424513,
      "word_accuracy": 0.681826323429964,
      "character_accuracy": 0.1991513405834111,
      "semantic_similarity": 0.9386296892166137,
      "rouge1_fmeasure": 0.9147829985936495,
      "rouge2_fmeasure": 0.8367345824619273,
      "rougeL_fmeasure": 0.9141416128258594,
      "bert_score_f1": 0.9057292920351029,
      "bits_per_character": 6.817557146863123
    },
    "0.3": {
      "compression_ratio": 1.375158729175715,
      "word_accuracy": 0.639929700953909,
      "character_accuracy": 0.1730286280196686,
      "semantic_similarity": 0.9227018666267395,
      "rouge1_fmeasure": 0.8675465301758429,
      "rouge2_fmeasure": 0.757930302329878,
      "rougeL_fmeasure": 0.8651902447152735,
      "bert_score_f1": 0.8987970274686813,
      "bits_per_character": 6.042686398752899
    },
    "0.4": {
      "compression_ratio": 1.5881751040009626,
      "word_accuracy": 0.5791603223209605,
      "character_accuracy": 0.15873722643477986,
      "semantic_similarity": 0.8563206881284714,
      "rouge1_fmeasure": 0.7947871328326379,
      "rouge2_fmeasure": 0.6230839252058341,
      "rougeL_fmeasure": 0.7858866356711889,
      "bert_score_f1": 0.885514195561409,
      "bits_per_character": 5.23034172396107
    },
    "0.5": {
      "compression_ratio": 1.8791392175938817,
      "word_accuracy": 0.5327403695758132,
      "character_accuracy": 0.12964241743912303,
      "semantic_similarity": 0.8129819163680077,
      "rouge1_fmeasure": 0.7203437457400029,
      "rouge2_fmeasure": 0.5167136996249249,
      "rougeL_fmeasure": 0.7039596503013918,
      "bert_score_f1": 0.8761785781383514,
      "bits_per_character": 4.424019425541934
    },
    "0.6": {
      "compression_ratio": 2.2866862781790083,
      "word_accuracy": 0.45825714958306796,
      "character_accuracy": 0.11734267362007018,
      "semantic_similarity": 0.7278136414289474,
      "rouge1_fmeasure": 0.6228964553356615,
      "rouge2_fmeasure": 0.36972701231736105,
      "rougeL_fmeasure": 0.5940048279534288,
      "bert_score_f1": 0.8623868417739868,
      "bits_per_character": 3.638220942200295
    },
    "0.7": {
      "compression_ratio": 2.9159889400591323,
      "word_accuracy": 0.39741334803683626,
      "character_accuracy": 0.10885979748990467,
      "semantic_similarity": 0.6461298604309559,
      "rouge1_fmeasure": 0.529836194761601,
      "rouge2_fmeasure": 0.2717379440290188,
      "rougeL_fmeasure": 0.48381402421816,
      "bert_score_f1": 0.8505933177471161,
      "bits_per_character": 2.856583720476037
    },
    "0.8": {
      "compression_ratio": 4.074059257427333,
      "word_accuracy": 0.30512019682590724,
      "character_accuracy": 0.09041234277737945,
      "semantic_similarity": 0.513122313208878,
      "rouge1_fmeasure": 0.42735417368509465,
      "rouge2_fmeasure": 0.1580137613986371,
      "rougeL_fmeasure": 0.3718626245862427,
      "bert_score_f1": 0.8307223629951477,
      "bits_per_character": 2.0510055192982417
    },
    "0.9": {
      "compression_ratio": 6.712053988147028,
      "word_accuracy": 0.2078549275765633,
      "character_accuracy": 0.07345539724582874,
      "semantic_similarity": 0.3737453878298402,
      "rouge1_fmeasure": 0.3118199687222989,
      "rouge2_fmeasure": 0.08128365855831353,
      "rougeL_fmeasure": 0.26436339423661986,
      "bert_score_f1": 0.8113790142536164,
      "bits_per_character": 1.2626255212047135
    }
  },
  "bert-base-uncased_lsq": {
    "16": {
      "compression_ratio": 0.0026130143258636333,
      "word_accuracy": 0.26912176534262694,
      "character_accuracy": 0.05805327077697349,
      "semantic_similarity": 0.26407095789909363,
      "rouge1_fmeasure": 0.4426347520566061,
      "rouge2_fmeasure": 0.1506442230315738,
      "rougeL_fmeasure": 0.437711448877021,
      "bert_score_f1": 0.7799655055999756,
      "bits_per_character": 3180.7536010043254
    },
    "8": {
      "compression_ratio": 0.005225493425996236,
      "word_accuracy": 0.268715763815899,
      "character_accuracy": 0.05721357222292317,
      "semantic_similarity": 0.26390871550887823,
      "rouge1_fmeasure": 0.4425425973501035,
      "rouge2_fmeasure": 0.15014957198040693,
      "rougeL_fmeasure": 0.4373497498716042,
      "bert_score_f1": 0.7799393922090531,
      "bits_per_character": 1590.536980815702
    },
    "4": {
      "compression_ratio": 0.010448846793872242,
      "word_accuracy": 0.26467900231816444,
      "character_accuracy": 0.05613887190985929,
      "semantic_similarity": 0.25918709877878426,
      "rouge1_fmeasure": 0.43752034891218144,
      "rouge2_fmeasure": 0.14997438252911896,
      "rougeL_fmeasure": 0.43125232557736026,
      "bert_score_f1": 0.7787245684862136,
      "bits_per_character": 795.428670721391
    }
  },
  "bert-base-uncased_vq": {
    "128": {
      "compression_ratio": 4.587429904118202,
      "word_accuracy": 0.21729802039804105,
      "character_accuracy": 0.050320900080659856,
      "semantic_similarity": 0.22870954647660255,
      "rouge1_fmeasure": 0.38471938640212533,
      "rouge2_fmeasure": 0.11710114298426509,
      "rougeL_fmeasure": 0.3754706252021929,
      "bert_score_f1": 0.7751679068803787,
      "bits_per_character": 1.8117702378451106
    },
    "256": {
      "compression_ratio": 4.0140011661034265,
      "word_accuracy": 0.254003487755184,
      "character_accuracy": 0.06702137386271376,
      "semantic_similarity": 0.38646666491404175,
      "rouge1_fmeasure": 0.40185709806656883,
      "rouge2_fmeasure": 0.140926067579124,
      "rougeL_fmeasure": 0.3910674052453493,
      "bert_score_f1": 0.7955432265996933,
      "bits_per_character": 2.070594557537269
    }
  },
  "roberta-base_predictive_masking": {
    "0.1": {
      "compression_ratio": 1.1777868195410053,
      "word_accuracy": 0.8925156287626382,
      "character_accuracy": 0.290719919209499,
      "semantic_similarity": 0.8791066536307335,
      "rouge1_fmeasure": 0.9108579591317826,
      "rouge2_fmeasure": 0.8134580032310881,
      "rougeL_fmeasure": 0.9108579591317826,
      "bert_score_f1": 0.9660468798875809,
      "bits_per_character": 6.91712412141241
    },
    "0.2": {
      "compression_ratio": 1.3066779621126665,
      "word_accuracy": 0.8524865621649509,
      "character_accuracy": 0.20306035298868794,
      "semantic_similarity": 0.850700666308403,
      "rouge1_fmeasure": 0.8664980686683229,
      "rouge2_fmeasure": 0.7342039062479836,
      "rougeL_fmeasure": 0.8648461485459386,
      "bert_score_f1": 0.957887372970581,
      "bits_per_character": 6.241707357285784
    },
    "0.3": {
      "compression_ratio": 1.4616730726440705,
      "word_accuracy": 0.7976033777066946,
      "character_accuracy": 0.16831283349287937,
      "semantic_similarity": 0.8040954703092575,
      "rouge1_fmeasure": 0.8030021394002941,
      "rouge2_fmeasure": 0.6377586592054216,
      "rougeL_fmeasure": 0.7995944239018007,
      "bert_score_f1": 0.9472311156988144,
      "bits_per_character": 5.588840652089592
    },
    "0.4": {
      "compression_ratio": 1.66688606312214,
      "word_accuracy": 0.7512551016928374,
      "character_accuracy": 0.14577523738289577,
      "semantic_similarity": 0.765032821893692,
      "rouge1_fmeasure": 0.7521979652901934,
      "rouge2_fmeasure": 0.5619080939201431,
      "rougeL_fmeasure": 0.744560209681856,
      "bert_score_f1": 0.9364560985565186,
      "bits_per_character": 4.91605085344798
    },
    "0.5": {
      "compression_ratio": 1.9427807382606388,